MODEL,DATE,Basin_Subb,Basin_Numb,Basin_Name,Basin_Su_1,ET_MEAN,ET_MEDIAN,ET_PCT25,ET_PCT75,ET_STDDEV,PIXEL_COUNT
SSEBOP,2003-11-01,4-005,4-005,ACTON VALLEY,ACTON VALLEY,9.6695,8,2,15.0,8.9295,37173
SSEBOP,2003-11-01,6-010,6-010,ADOBE LAKE VALLEY,ADOBE LAKE VALLEY,1.7447,0,0,2.0,4.4001,173921
SSEBOP,2003-11-01,1-054.01,1-054,ALEXANDER VALLEY,ALEXANDER VALLEY - ALEXANDER AREA,22.9091,22,18,27.0,7.5582,110096
SSEBOP,2003-11-01,1-054.02,1-054,ALEXANDER VALLEY,ALEXANDER VALLEY - CLOVERDALE AREA,19.4405,20,15,24.0,6.5465,29257
SSEBOP,2003-11-01,5-002.01,5-002,ALTURAS AREA,ALTURAS AREA - SOUTH FORK PITT RIVER,8.1094,7,3,12.0,6.7436,469610
SSEBOP,2003-11-01,5-002.02,5-002,ALTURAS AREA,ALTURAS AREA - WARM SPRINGS VALLEY,7.6143,7,3,11.0,6.0141,287543
SSEBOP,2003-11-01,5-010,5-010,AMERICAN VALLEY,AMERICAN VALLEY,16.2301,16,8,24.0,9.661,30410
SSEBOP,2003-11-01,7-016,7-016,AMES VALLEY,AMES VALLEY,1.5622,0,0,2.0,2.8696,487562
SSEBOP,2003-11-01,7-034,7-034,AMOS VALLEY,AMOS VALLEY,0.4417,0,0,0.0,1.8903,584286
SSEBOP,2003-11-01,1-019,1-019,ANDERSON VALLEY,ANDERSON VALLEY,25.8683,24,19,32.0,9.5453,22366
SSEBOP,2003-11-01,1-049,1-049,ANNAPOLIS OHLSON RANCH FORMATION HIGHLANDS,ANNAPOLIS OHLSON RANCH FORMATION HIGHLANDS,34.4334,38,32,41.0,9.4611,38900
SSEBOP,2003-11-01,5-091,5-091,ANTELOPE CREEK,ANTELOPE CREEK,15.1542,15,12,17.0,5.6309,9175
SSEBOP,2003-11-01,6-044,6-044,ANTELOPE VALLEY,ANTELOPE VALLEY,5.9657,3,1,7.0,7.9827,4541544
SSEBOP,2003-11-01,6-007,6-007,ANTELOPE VALLEY,ANTELOPE VALLEY,15.0199,16,9,21.0,7.7926,89741
SSEBOP,2003-11-01,3-034,3-034,ARROYO DE LA CRUZ VALLEY,ARROYO DE LA CRUZ VALLEY,30.5747,29,20,42.0,14.311,3588
SSEBOP,2003-11-01,2-031,2-031,ARROYO DEL HAMBRE VALLEY,ARROYO DEL HAMBRE VALLEY,14.4307,14,6,21.0,10.2833,2879
SSEBOP,2003-11-01,4-007,4-007,ARROYO SANTA ROSA VALLEY,ARROYO SANTA ROSA VALLEY,32.2123,32,21,43.0,15.1319,17646
SSEBOP,2003-11-01,7-037,7-037,ARROYO SECO VALLEY,ARROYO SECO VALLEY,0.803,0,0,0.0,3.9985,1152313
SSEBOP,2003-11-01,5-054,5-054,ASH VALLEY,ASH VALLEY,6.1581,5,3,8.0,5.0939,22905
SSEBOP,2003-11-01,6-026,6-026,AVAWATZ VALLEY,AVAWATZ VALLEY,1.3569,1,0,2.0,2.0666,124166
SSEBOP,2003-11-01,3-020,3-020,A�O NUEVO AREA,A�O NUEVO AREA,21.4693,21,14,27.0,9.3721,8980
SSEBOP,2003-11-01,9-022,9-022,BATIQUITOS LAGOON VALLEY,BATIQUITOS LAGOON VALLEY,37.8668,39,28,49.0,14.1034,3334
SSEBOP,2003-11-01,8-009,8-009,BEAR VALLEY,BEAR VALLEY,27.2089,26,15,33.0,17.4973,86070
SSEBOP,2003-11-01,5-064,5-064,BEAR VALLEY,BEAR VALLEY,15.6091,14,12,18.0,5.1955,40934
SSEBOP,2003-11-01,5-020,5-020,BERRYESSA VALLEY,BERRYESSA VALLEY,10.228,8,4,13.0,9.4383,6101
SSEBOP,2003-11-01,7-015,7-015,BESSEMER VALLEY,BESSEMER VALLEY,0.5456,0,0,0.0,1.9874,175679
SSEBOP,2003-11-01,6-025,6-025,BICYCLE VALLEY,BICYCLE VALLEY,0.7864,0,0,1.0,2.1121,401585
SSEBOP,2003-11-01,1-027,1-027,BIG LAGOON AREA,BIG LAGOON AREA,32.7425,34,30,37.0,5.9434,57762
SSEBOP,2003-11-01,8-007,8-007,BIG MEADOWS VALLEY,BIG MEADOWS VALLEY,32.9546,34,27,41.0,10.3698,61811
SSEBOP,2003-11-01,1-045,1-045,BIG RIVER VALLEY,BIG RIVER VALLEY,43.6362,45,42,47.0,5.3464,7582
SSEBOP,2003-11-01,3-047,3-047,BIG SPRING AREA,BIG SPRING AREA,26.7643,28,21,33.0,10.0922,32778
SSEBOP,2003-11-01,5-015,5-015,BIG VALLEY,BIG VALLEY,18.4731,18,12,24.0,8.1843,108954
SSEBOP,2003-11-01,5-004,5-004,BIG VALLEY,BIG VALLEY,9.4581,9,5,13.0,5.9607,398597
SSEBOP,2003-11-01,3-030,3-030,BITTER WATER VALLEY,BITTER WATER VALLEY,5.6764,1,0,8.0,8.7926,144867
SSEBOP,2003-11-01,6-013,6-013,BLACK SPRINGS VALLEY,BLACK SPRINGS VALLEY,0.9002,0,0,1.0,2.0777,138327
SSEBOP,2003-11-01,5-092,5-092,BLANCHARD VALLEY,BLANCHARD VALLEY,14.8141,14,11,17.0,5.9745,9994
SSEBOP,2003-11-01,1-057,1-057,BODEGA BAY AREA,BODEGA BAY AREA,14.6266,14,11,18.0,6.769,10136
SSEBOP,2003-11-01,7-024.01,7-024,BORREGO VALLEY,BORREGO VALLEY - BORREGO SPRINGS,4.386,0,0,1.0,12.864,282155
SSEBOP,2003-11-01,7-024.02,7-024,BORREGO VALLEY,BORREGO VALLEY - OCOTILLO WELLS,0.5823,0,0,0.0,2.3106,405078
SSEBOP,2003-11-01,1-039,1-039,BRANSCOMB TOWN AREA,BRANSCOMB TOWN AREA,39.9428,44,38,46.0,10.046,6201
SSEBOP,2003-11-01,1-017,1-017,BRAY TOWN AREA,BRAY TOWN AREA,10.1358,11,6,14.0,5.2296,35816
SSEBOP,2003-11-01,6-008,6-008,BRIDGEPORT VALLEY,BRIDGEPORT VALLEY,9.105,6,3,11.0,9.6918,143931
SSEBOP,2003-11-01,7-008,7-008,BRISTOL VALLEY,BRISTOL VALLEY,0.5013,0,0,0.0,3.2941,2233808
SSEBOP,2003-11-01,5-080,5-080,BRITE VALLEY,BRITE VALLEY,18.4674,17,14,22.0,8.2883,14244
SSEBOP,2003-11-01,6-032,6-032,BROADWELL VALLEY,BROADWELL VALLEY,0.4289,0,0,0.0,1.639,413087
SSEBOP,2003-11-01,6-076,6-076,BROWN MOUNTAIN VALLEY,BROWN MOUNTAIN VALLEY,1.1166,0,0,1.0,3.3723,97673
SSEBOP,2003-11-01,7-054,7-054,BUCK RIDGE FAULT VALLEY,BUCK RIDGE FAULT VALLEY,8.6074,7,4,11.0,6.9449,31076
SSEBOP,2003-11-01,6-101,6-101,BULL FLAT,BULL FLAT,1.4301,1,0,2.0,2.0825,74669
SSEBOP,2003-11-01,5-048,5-048,BURNEY CREEK VALLEY,BURNEY CREEK VALLEY,9.8115,8,6,13.0,5.7197,10579
SSEBOP,2003-11-01,5-017,5-017,BURNS VALLEY,BURNS VALLEY,13.8788,13,8,19.0,7.8735,12924
SSEBOP,2003-11-01,5-051,5-051,BUTTE CREEK VALLEY,BUTTE CREEK VALLEY,12.9044,14,5,20.0,7.9958,13467
SSEBOP,2003-11-01,1-003,1-003,BUTTE VALLEY,BUTTE VALLEY,6.6621,5,1,11.0,6.1397,337876
SSEBOP,2003-11-01,6-081,6-081,BUTTE VALLEY,BUTTE VALLEY,2.7768,2,1,4.0,2.9502,39581
SSEBOP,2003-11-01,6-070,6-070,CACTUS FLAT,CACTUS FLAT,2.0996,1,0,2.0,3.3074,31593
SSEBOP,2003-11-01,7-007,7-007,CADIZ VALLEY,CADIZ VALLEY,0.2945,0,0,0.0,2.4886,1213316
SSEBOP,2003-11-01,6-090,6-090,CADY FAULT AREA,CADY FAULT AREA,0.8003,0,0,1.0,2.1671,35753
SSEBOP,2003-11-01,9-006,9-006,CAHUILLA VALLEY,CAHUILLA VALLEY,26.9742,27,20,33.0,9.4363,81848
SSEBOP,2003-11-01,6-079,6-079,CALIFORNIA VALLEY,CALIFORNIA VALLEY,1.01,0,0,1.0,2.9546,261304
SSEBOP,2003-11-01,7-041,7-041,CALZONA VALLEY,CALZONA VALLEY,1.9505,0,0,1.0,7.088,340869
SSEBOP,2003-11-01,6-061,6-061,CAMEO AREA,CAMEO AREA,1.0655,0,0,0.0,3.3444,41842
SSEBOP,2003-11-01,9-028,9-028,CAMPO VALLEY,CAMPO VALLEY,14.2228,15,7,21.0,9.1177,15902
SSEBOP,2003-11-01,7-046,7-046,CANEBRAKE VALLEY,CANEBRAKE VALLEY,3.422,1,0,4.0,5.7143,24310
SSEBOP,2003-11-01,3-007,3-007,CARMEL VALLEY,CARMEL VALLEY,30.9291,31,24,39.0,10.3928,18978
SSEBOP,2003-11-01,3-018,3-018,CARPINTERIA,CARPINTERIA,37.0618,37,27,47.0,13.3763,33978
SSEBOP,2003-11-01,3-019,3-019,CARRIZO PLAIN,CARRIZO PLAIN,8.7774,5,1,14.0,10.4946,926549
SSEBOP,2003-11-01,6-006,6-006,CARSON VALLEY,CARSON VALLEY,12.4357,11,7,18.0,7.4269,44136
SSEBOP,2003-11-01,5-029,5-029,CASTAC LAKE VALLEY,CASTAC LAKE VALLEY,21.5348,18,10,27.0,16.4609,16014
SSEBOP,2003-11-01,2-008,2-008,CASTRO VALLEY,CASTRO VALLEY,13.3332,13,8,17.0,7.436,7955
SSEBOP,2003-11-01,6-038,6-038,CAVES CANYON VALLEY,CAVES CANYON VALLEY,0.8299,0,0,0.0,2.606,328088
SSEBOP,2003-11-01,5-045,5-045,CAYTON VALLEY,CAYTON VALLEY,14.6282,15,12,18.0,5.6033,5874
SSEBOP,2003-11-01,3-038,3-038,CAYUCOS VALLEY,CAYUCOS VALLEY,17.0706,17,11,23.0,8.2683,949
SSEBOP,2003-11-01,7-043,7-043,CHEMEHUEVI VALLEY,CHEMEHUEVI VALLEY,0.6718,0,0,0.0,3.2348,1221349
SSEBOP,2003-11-01,7-032,7-032,CHOCOLATE VALLEY,CHOCOLATE VALLEY,1.2125,0,0,0.0,4.843,580540
SSEBOP,2003-11-01,3-005,3-005,CHOLAME VALLEY,CHOLAME VALLEY,8.4517,5,2,12.0,8.7697,179063
SSEBOP,2003-11-01,3-042,3-042,CHORRO VALLEY,CHORRO VALLEY,18.1505,16,7,30.0,13.1625,6377
SSEBOP,2003-11-01,5-061,5-061,CHROME TOWN AREA,CHROME TOWN AREA,15.6989,15,14,17.0,3.0724,6334
SSEBOP,2003-11-01,7-005,7-005,CHUCKWALLA VALLEY,CHUCKWALLA VALLEY,0.4131,0,0,0.0,2.1123,2704912
SSEBOP,2003-11-01,2-005,2-005,CLAYTON VALLEY,CLAYTON VALLEY,16.7529,17,10,22.0,9.5633,77758
SSEBOP,2003-11-01,5-066,5-066,CLEAR LAKE CACHE FORMATION,CLEAR LAKE CACHE FORMATION,21.7125,23,16,28.0,8.2482,133749
SSEBOP,2003-11-01,5-058,5-058,CLOVER VALLEY,CLOVER VALLEY,9.0397,6,3,14.0,7.5616,75428
SSEBOP,2003-11-01,7-021.03,7-021,COACHELLA VALLEY,COACHELLA VALLEY - DESERT HOT SPRINGS,2.4071,0,0,1.0,7.3771,453937
SSEBOP,2003-11-01,7-021.01,7-021,COACHELLA VALLEY,COACHELLA VALLEY - INDIO,17.8355,9,0,30.0,20.7637,1336106
SSEBOP,2003-11-01,7-021.02,7-021,COACHELLA VALLEY,COACHELLA VALLEY - MISSION CREEK,4.7498,1,0,6.0,8.0331,218418
SSEBOP,2003-11-01,7-021.04,7-021,COACHELLA VALLEY,COACHELLA VALLEY - SAN GORGONIO PASS,9.6508,5,0,16.0,11.2648,173279
SSEBOP,2003-11-01,4-011.04,4-011,COASTAL PLAIN OF LOS ANGELES,COASTAL PLAIN OF LOS ANGELES - CENTRAL,9.9263,9,3,14.0,8.4562,799291
SSEBOP,2003-11-01,4-011.02,4-011,COASTAL PLAIN OF LOS ANGELES,COASTAL PLAIN OF LOS ANGELES - HOLLYWOOD,12.5061,9,3,19.0,11.4234,45279
SSEBOP,2003-11-01,4-011.01,4-011,COASTAL PLAIN OF LOS ANGELES,COASTAL PLAIN OF LOS ANGELES - SANTA MONICA,18.157,16,8,26.0,12.8803,135809
SSEBOP,2003-11-01,4-011.03,4-011,COASTAL PLAIN OF LOS ANGELES,COASTAL PLAIN OF LOS ANGELES - WEST COAST,8.2946,7,2,12.0,8.6892,399953
SSEBOP,2003-11-01,8-001,8-001,COASTAL PLAIN OF ORANGE COUNTY,COASTAL PLAIN OF ORANGE COUNTY,14.5317,13,7,19.0,11.3261,999373
SSEBOP,2003-11-01,9-033,9-033,COASTAL PLAIN OF SAN DIEGO,COASTAL PLAIN OF SAN DIEGO,17.6516,14,7,24.0,15.434,240969
SSEBOP,2003-11-01,6-072,6-072,COLES FLAT,COLES FLAT,2.6818,2,1,3.0,1.9831,13244
SSEBOP,2003-11-01,5-019,5-019,COLLAYOMI VALLEY,COLLAYOMI VALLEY,15.7238,14,11,20.0,7.2027,29240
SSEBOP,2003-11-01,7-055,7-055,COLLINS VALLEY,COLLINS VALLEY,5.658,3,1,7.0,8.3316,31751
SSEBOP,2003-11-01,4-010,4-010,CONEJO,CONEJO,23.2516,23,16,30.0,10.6041,84503
SSEBOP,2003-11-01,7-011,7-011,COPPER MOUNTAIN VALLEY,COPPER MOUNTAIN VALLEY,2.1174,1,0,3.0,2.9563,136155
SSEBOP,2003-11-01,3-002.01,3-002,CORRALITOS,CORRALITOS - PAJARO VALLEY,25.8594,25,16,35.0,12.4168,330752
SSEBOP,2003-11-01,3-002.02,3-002,CORRALITOS,CORRALITOS - PURISIMA HIGHLANDS,48.2262,50,46,53.0,7.1336,50194
SSEBOP,2003-11-01,6-055,6-055,COSO VALLEY,COSO VALLEY,0.8129,0,0,1.0,1.9242,114929
SSEBOP,2003-11-01,1-037,1-037,COTTONEVA CREEK VALLEY,COTTONEVA CREEK VALLEY,45.9497,47,43,50.0,5.6375,3436
SSEBOP,2003-11-01,9-027,9-027,COTTONWOOD VALLEY,COTTONWOOD VALLEY,16.1521,15,7,24.0,11.6134,17262
SSEBOP,2003-11-01,1-011,1-011,COVELO ROUND VALLEY,COVELO ROUND VALLEY,17.8047,17,11,24.0,8.5046,73791
SSEBOP,2003-11-01,6-091,6-091,COW HEAD LAKE VALLEY,COW HEAD LAKE VALLEY,13.8298,17,5,20.0,7.9297,13130
SSEBOP,2003-11-01,6-037,6-037,COYOTE LAKE VALLEY,COYOTE LAKE VALLEY,0.5324,0,0,0.0,1.4795,396167
SSEBOP,2003-11-01,5-018,5-018,COYOTE VALLEY,COYOTE VALLEY,18.1117,17,11,24.0,8.9553,29352
SSEBOP,2003-11-01,7-029,7-029,COYOTE WELLS VALLEY,COYOTE WELLS VALLEY,0.5119,0,0,0.0,2.2901,648335
SSEBOP,2003-11-01,6-035,6-035,CRONISE VALLEY,CRONISE VALLEY,0.5904,0,0,0.0,1.9884,567907
SSEBOP,2003-11-01,6-050,6-050,CUDDEBACK VALLEY,CUDDEBACK VALLEY,1.4119,1,0,2.0,2.2338,426688
SSEBOP,2003-11-01,5-082,5-082,CUDDY CANYON VALLEY,CUDDY CANYON VALLEY,17.0924,17,11,22.0,8.2005,14830
SSEBOP,2003-11-01,5-083,5-083,CUDDY RANCH AREA,CUDDY RANCH AREA,24.3907,25,19,31.0,8.5425,18906
SSEBOP,2003-11-01,5-084,5-084,CUDDY VALLEY,CUDDY VALLEY,21.6282,20,10,32.0,12.9318,15576
SSEBOP,2003-11-01,5-027,5-027,CUMMINGS VALLEY,CUMMINGS VALLEY,19.4422,17,12,25.0,11.5177,44721
SSEBOP,2003-11-01,3-013,3-013,CUYAMA VALLEY,CUYAMA VALLEY,12.9698,11,3,21.0,11.3848,1075304
SSEBOP,2003-11-01,7-009,7-009,DALE VALLEY,DALE VALLEY,0.6111,0,0,0.0,3.1808,954510
SSEBOP,2003-11-01,6-057,6-057,DARWIN VALLEY,DARWIN VALLEY,1.5027,1,0,2.0,2.4408,198536
SSEBOP,2003-11-01,7-061,7-061,DAVIES VALLEY,DAVIES VALLEY,1.1514,0,0,0.0,3.6835,15214
SSEBOP,2003-11-01,7-013.01,7-013,DEADMAN VALLEY,DEADMAN VALLEY - DEADMAN LAKE,0.3436,0,0,0.0,1.5539,400268
SSEBOP,2003-11-01,7-013.02,7-013,DEADMAN VALLEY,DEADMAN VALLEY - SURPRISE SPRING,0.1908,0,0,0.0,0.7214,131543
SSEBOP,2003-11-01,6-018,6-018,DEATH VALLEY,DEATH VALLEY,1.5631,0,0,0.0,8.5375,4133545
SSEBOP,2003-11-01,6-015,6-015,DEEP SPRINGS VALLEY,DEEP SPRINGS VALLEY,1.9243,0,0,1.0,7.0109,133624
SSEBOP,2003-11-01,6-078,6-078,DENNING SPRING VALLEY,DENNING SPRING VALLEY,2.8374,0,0,3.0,5.4834,32521
SSEBOP,2003-11-01,1-034,1-034,DINSMORES TOWN AREA,DINSMORES TOWN AREA,21.8313,20,11,33.0,12.114,10249
SSEBOP,2003-11-01,5-053,5-053,DIXIE VALLEY,DIXIE VALLEY,8.7906,7,4,12.0,7.1928,21876
SSEBOP,2003-11-01,2-040,2-040,DOWNTOWN,DOWNTOWN,5.2666,2,0,7.0,8.9877,28806
SSEBOP,2003-11-01,5-049,5-049,DRY BURNEY CREEK VALLEY,DRY BURNEY CREEK VALLEY,26.3476,27,26,29.0,4.666,13817
SSEBOP,2003-11-01,3-029,3-029,DRY LAKE VALLEY,DRY LAKE VALLEY,4.378,1,0,6.0,7.0971,6360
SSEBOP,2003-11-01,6-095,6-095,DRY VALLEY,DRY VALLEY,4.0855,3,2,6.0,3.3041,24994
SSEBOP,2003-11-01,6-096,6-096,EAGLE LAKE AREA,EAGLE LAKE AREA,12.3869,12,9,16.0,5.0018,47867
SSEBOP,2003-11-01,7-033,7-033,EAST SALTON SEA,EAST SALTON SEA,2.6773,0,0,0.0,11.2124,876191
SSEBOP,2003-11-01,1-044,1-044,EDEN VALLEY,EDEN VALLEY,21.2408,20,13,28.0,9.421,6195
SSEBOP,2003-11-01,1-010,1-010,EEL RIVER VALLEY,EEL RIVER VALLEY,33.1518,34,25,42.0,11.1944,324915
SSEBOP,2003-11-01,5-041,5-041,EGG LAKE VALLEY,EGG LAKE VALLEY,6.1407,4,1,9.0,6.6766,15337
SSEBOP,2003-11-01,9-016,9-016,EL CAJON VALLEY,EL CAJON VALLEY,17.6728,15,8,24.0,13.1052,32160
SSEBOP,2003-11-01,6-043,6-043,EL MIRAGE VALLEY,EL MIRAGE VALLEY,3.6317,1,0,3.0,8.499,341252
SSEBOP,2003-11-01,5-062,5-062,ELK CREEK AREA,ELK CREEK AREA,14.8703,14,10,19.0,8.0946,6474
SSEBOP,2003-11-01,8-004.02,8-004,ELSINORE,ELSINORE - BEDFORD-COLDWATER,21.3474,20,12,30.0,12.6628,31599
SSEBOP,2003-11-01,8-004.01,8-004,ELSINORE,ELSINORE - ELSINORE VALLEY,21.2646,14,4,25.0,24.6441,106091
SSEBOP,2003-11-01,9-009,9-009,ESCONDIDO VALLEY,ESCONDIDO VALLEY,14.4622,15,9,20.0,8.2382,12956
SSEBOP,2003-11-01,1-009,1-009,EUREKA PLAIN,EUREKA PLAIN,32.0751,34,23,43.0,12.2643,156969
SSEBOP,2003-11-01,6-016,6-016,EUREKA VALLEY,EUREKA VALLEY,0.7422,0,0,0.0,2.6815,578848
SSEBOP,2003-11-01,1-022,1-022,FAIRCHILD SWAMP VALLEY,FAIRCHILD SWAMP VALLEY,1.3212,0,0,2.0,2.7898,14711
SSEBOP,2003-11-01,5-005,5-005,FALL RIVER VALLEY,FALL RIVER VALLEY,13.4521,12,8,17.0,8.6608,230608
SSEBOP,2003-11-01,7-002,7-002,FENNER VALLEY,FENNER VALLEY,1.0982,0,0,1.0,2.6345,2034583
SSEBOP,2003-11-01,6-014,6-014,FISH LAKE VALLEY,FISH LAKE VALLEY,3.749,0,0,2.0,8.9597,206075
SSEBOP,2003-11-01,3-053,3-053,FOOTHILL,FOOTHILL,30.0509,30,23,37.0,10.5008,14765
SSEBOP,2003-11-01,1-021,1-021,FORT BRAGG TERRACE AREA,FORT BRAGG TERRACE AREA,29.4317,34,18,41.0,13.444,101932
SSEBOP,2003-11-01,1-061,1-061,FORT ROSS TERRACE DEPOSITS,FORT ROSS TERRACE DEPOSITS,23.3146,21,16,30.0,10.2126,30006
SSEBOP,2003-11-01,6-046,6-046,FREMONT VALLEY,FREMONT VALLEY,2.5512,2,1,3.0,3.9996,1507085
SSEBOP,2003-11-01,5-090,5-090,FUNKS CREEK,FUNKS CREEK,20.565,20,15,26.0,7.3538,13564
SSEBOP,2003-11-01,1-032,1-032,GARBERVILLE TOWN AREA,GARBERVILLE TOWN AREA,29.1347,30,21,39.0,11.25,9497
SSEBOP,2003-11-01,1-020,1-020,GARCIA RIVER VALLEY,GARCIA RIVER VALLEY,26.1556,25,19,33.0,9.1451,9346
SSEBOP,2003-11-01,3-003.01,3-003,GILROY-HOLLISTER VALLEY,GILROY-HOLLISTER VALLEY - LLAGAS AREA,19.9715,19,13,26.0,9.3939,212134
SSEBOP,2003-11-01,3-003.05,3-003,GILROY-HOLLISTER VALLEY,GILROY-HOLLISTER VALLEY - NORTH SAN BENITO,15.1095,14,7,22.0,10.5991,589155
SSEBOP,2003-11-01,6-085,6-085,GOLD VALLEY,GOLD VALLEY,3.0341,2,0,5.0,3.6535,14402
SSEBOP,2003-11-01,6-048,6-048,GOLDSTONE VALLEY,GOLDSTONE VALLEY,1.1527,0,0,1.0,2.3375,125881
SSEBOP,2003-11-01,3-016,3-016,GOLETA,GOLETA,24.3055,24,17,31.0,10.2791,41440
SSEBOP,2003-11-01,5-001.02,5-001,GOOSE LAKE,GOOSE LAKE - FANDANGO VALLEY,6.2425,5,2,9.0,6.0847,64667
SSEBOP,2003-11-01,5-001.01,5-001,GOOSE LAKE,GOOSE LAKE - GOOSE VALLEY,3.7048,2,1,5.0,5.236,91505
SSEBOP,2003-11-01,5-047,5-047,GOOSE VALLEY,GOOSE VALLEY,15.3751,13,10,19.0,8.0871,18937
SSEBOP,2003-11-01,6-077,6-077,GRASS VALLEY,GRASS VALLEY,1.6696,1,1,2.0,1.6944,44881
SSEBOP,2003-11-01,6-094,6-094,GRASSHOPPER VALLEY,GRASSHOPPER VALLEY,4.0252,3,2,5.0,3.4184,69406
SSEBOP,2003-11-01,1-048,1-048,GRAVELLY VALLEY,GRAVELLY VALLEY,22.8462,25,13,32.0,11.5299,13384
SSEBOP,2003-11-01,5-052,5-052,GRAYS VALLEY,GRAYS VALLEY,6.9821,5,3,9.0,6.6836,24461
SSEBOP,2003-11-01,6-084,6-084,GREENWATER VALLEY,GREENWATER VALLEY,2.6286,1,0,4.0,3.8719,268934
SSEBOP,2003-11-01,5-059,5-059,GRIZZLY VALLEY,GRIZZLY VALLEY,23.06,22,15,28.0,11.5581,57146
SSEBOP,2003-11-01,2-022,2-022,HALF MOON BAY TERRACE,HALF MOON BAY TERRACE,21.3973,21,15,27.0,9.5427,31460
SSEBOP,2003-11-01,1-015,1-015,HAPPY CAMP TOWN AREA,HAPPY CAMP TOWN AREA,19.308,20,14,25.0,8.2362,12466
SSEBOP,2003-11-01,6-047,6-047,HARPER VALLEY,HARPER VALLEY,1.3966,1,0,2.0,2.5334,1841290
SSEBOP,2003-11-01,6-074,6-074,HARRISBURG FLATS,HARRISBURG FLATS,2.4069,1,0,3.0,4.3475,112083
SSEBOP,2003-11-01,6-093,6-093,HARVEY VALLEY,HARVEY VALLEY,6.5782,4,1,8.0,7.7704,19319
SSEBOP,2003-11-01,1-006,1-006,HAYFORK VALLEY,HAYFORK VALLEY,16.8651,16,9,24.0,10.6,14820
SSEBOP,2003-11-01,7-048,7-048,HELENDALE FAULT VALLEY,HELENDALE FAULT VALLEY,13.9795,15,10,18.0,6.0363,11777
SSEBOP,2003-11-01,8-006,8-006,HEMET LAKE VALLEY,HEMET LAKE VALLEY,30.8796,30,24,36.0,10.5661,74987
SSEBOP,2003-11-01,3-031,3-031,HERNANDEZ VALLEY,HERNANDEZ VALLEY,13.3484,9,3,22.0,13.1781,12871
SSEBOP,2003-11-01,1-036,1-036,HETTENSHAW VALLEY,HETTENSHAW VALLEY,15.2409,13,10,19.0,7.7897,3807
SSEBOP,2003-11-01,7-053,7-053,HEXIE MOUNTAIN AREA,HEXIE MOUNTAIN AREA,2.308,2,1,3.0,2.349,50053
SSEBOP,2003-11-01,6-063,6-063,HIDDEN VALLEY,HIDDEN VALLEY,1.2143,0,0,1.0,2.9984,80667
SSEBOP,2003-11-01,4-016,4-016,HIDDEN VALLEY,HIDDEN VALLEY,24.4164,20,8,39.0,18.9262,9948
SSEBOP,2003-11-01,5-016,5-016,HIGH VALLEY,HIGH VALLEY,11.6889,10,6,16.0,7.785,10593
SSEBOP,2003-11-01,6-004,6-004,HONEY LAKE VALLEY,HONEY LAKE VALLEY,4.4316,1,0,6.0,6.6545,1393063
SSEBOP,2003-11-01,1-029,1-029,HONEYDEW TOWN AREA,HONEYDEW TOWN AREA,23.7451,23,13,35.0,13.1864,10658
SSEBOP,2003-11-01,1-007,1-007,HOOPA VALLEY,HOOPA VALLEY,23.1097,23,14,33.0,11.6791,17528
SSEBOP,2003-11-01,6-097,6-097,HORSE LAKE VALLEY,HORSE LAKE VALLEY,5.7522,4,1,9.0,6.586,17190
SSEBOP,2003-11-01,5-040,5-040,HOT SPRINGS VALLEY,HOT SPRINGS VALLEY,7.396,6,2,12.0,5.7296,10711
SSEBOP,2003-11-01,3-045,3-045,HUASNA VALLEY,HUASNA VALLEY,24.8077,24,19,30.0,9.2453,21147
SSEBOP,2003-11-01,5-060,5-060,HUMBUG VALLEY,HUMBUG VALLEY,20.0061,22,15,26.0,7.8509,44834
SSEBOP,2003-11-01,4-018,4-018,HUNGRY VALLEY,HUNGRY VALLEY,13.9672,13,10,17.0,6.2251,23859
SSEBOP,2003-11-01,1-035,1-035,HYAMPOM VALLEY,HYAMPOM VALLEY,16.7977,14,4,28.0,13.7923,6096
SSEBOP,2003-11-01,7-030,7-030,IMPERIAL VALLEY,IMPERIAL VALLEY,19.3457,6,0,35.0,23.4631,4263234
SSEBOP,2003-11-01,5-009,5-009,INDIAN VALLEY,INDIAN VALLEY,20.9524,22,13,29.0,9.2786,127893
SSEBOP,2003-11-01,6-054,6-054,INDIAN WELLS VALLEY,INDIAN WELLS VALLEY,1.6949,1,0,2.0,3.4593,1716255
SSEBOP,2003-11-01,7-050,7-050,IRON RIDGE AREA,IRON RIDGE AREA,0.5886,0,0,0.0,2.1116,23570
SSEBOP,2003-11-01,2-033,2-033,ISLAIS VALLEY,ISLAIS VALLEY,8.3597,6,1,12.0,9.3604,21875
SSEBOP,2003-11-01,6-030,6-030,IVANPAH VALLEY,IVANPAH VALLEY,1.8938,1,0,3.0,3.5409,882501
SSEBOP,2003-11-01,7-047,7-047,JACUMBA VALLEY,JACUMBA VALLEY,11.0049,7,3,17.0,10.8232,8979
SSEBOP,2003-11-01,5-003,5-003,JESS VALLEY,JESS VALLEY,9.5133,9,5,13.0,5.6555,25541
SSEBOP,2003-11-01,7-018.01,7-018,JOHNSON VALLEY,JOHNSON VALLEY - SOGGY LAKE,0.3655,0,0,0.0,1.4353,347540
SSEBOP,2003-11-01,7-018.02,7-018,JOHNSON VALLEY,JOHNSON VALLEY - UPPER JOHNSON VALLEY,0.1717,0,0,0.0,1.0949,156367
SSEBOP,2003-11-01,5-086,5-086,JOSEPH CREEK,JOSEPH CREEK,6.1175,5,2,9.0,5.0796,15372
SSEBOP,2003-11-01,7-062,7-062,JOSHUA TREE,JOSHUA TREE,2.3012,1,0,3.0,2.9707,150378
SSEBOP,2003-11-01,6-089,6-089,KANE WASH AREA,KANE WASH AREA,1.6419,1,0,2.0,2.5519,26755
SSEBOP,2003-11-01,6-069,6-069,KELSO LANDER VALLEY,KELSO LANDER VALLEY,6.2534,6,4,8.0,3.1163,50191
SSEBOP,2003-11-01,6-031,6-031,KELSO VALLEY,KELSO VALLEY,1.7848,1,0,2.0,2.8663,1145203
SSEBOP,2003-11-01,2-019,2-019,KENWOOD VALLEY,KENWOOD VALLEY,22.999,22,18,27.0,7.3793,23106
SSEBOP,2003-11-01,5-025,5-025,KERN RIVER VALLEY,KERN RIVER VALLEY,14.2666,10,4,19.0,15.0604,356993
SSEBOP,2003-11-01,1-002.02,1-002,KLAMATH RIVER VALLEY,KLAMATH RIVER VALLEY - LOWER KLAMATH,12.9177,12,7,17.0,8.0382,334869
SSEBOP,2003-11-01,1-002.01,1-002,KLAMATH RIVER VALLEY,KLAMATH RIVER VALLEY - TULELAKE,12.7169,12,6,16.0,8.3196,496560
SSEBOP,2003-11-01,1-050,1-050,KNIGHTS VALLEY,KNIGHTS VALLEY,20.0829,19,15,24.0,8.2163,18393
SSEBOP,2003-11-01,5-007,5-007,LAKE ALMANOR VALLEY,LAKE ALMANOR VALLEY,15.5181,16,10,21.0,8.1113,31984
SSEBOP,2003-11-01,5-046,5-046,LAKE BRITTON AREA,LAKE BRITTON AREA,18.4074,17,13,22.0,8.3051,63221
SSEBOP,2003-11-01,7-001,7-001,LANFAIR VALLEY,LANFAIR VALLEY,3.7212,3,1,5.0,3.5285,703526
SSEBOP,2003-11-01,6-036.02,6-036,LANGFORD VALLEY,LANGFORD VALLEY - IRWIN,2.6628,1,0,3.0,6.3672,47132
SSEBOP,2003-11-01,6-036.01,6-036,LANGFORD VALLEY,LANGFORD VALLEY - LANGFORD WELL LAKE,0.5472,0,0,0.0,1.5118,86847
SSEBOP,2003-11-01,1-033,1-033,LARABEE VALLEY,LARABEE VALLEY,19.6209,18,13,26.0,9.8268,4342
SSEBOP,2003-11-01,4-008,4-008,LAS POSAS VALLEY,LAS POSAS VALLEY,30.8924,33,17,45.0,18.2123,200649
SSEBOP,2003-11-01,5-057,5-057,LAST CHANCE CREEK VALLEY,LAST CHANCE CREEK VALLEY,11.9393,12,7,17.0,6.4956,20373
SSEBOP,2003-11-01,7-014,7-014,LAVIC VALLEY,LAVIC VALLEY,0.5772,0,0,0.0,1.9668,459882
SSEBOP,2003-11-01,1-012,1-012,LAYTONVILLE VALLEY,LAYTONVILLE VALLEY,26.6877,27,17,36.0,11.1477,22589
SSEBOP,2003-11-01,6-027,6-027,LEACH VALLEY,LEACH VALLEY,1.1818,0,0,0.0,3.843,273853
SSEBOP,2003-11-01,6-066,6-066,LEE FLAT,LEE FLAT,2.18,1,0,3.0,3.5628,90285
SSEBOP,2003-11-01,6-106,6-106,LITTLE ANTELOPE VALLEY,LITTLE ANTELOPE VALLEY,14.1464,14,7,20.0,8.4907,11178
SSEBOP,2003-11-01,5-065,5-065,LITTLE INDIAN VALLEY,LITTLE INDIAN VALLEY,17.4261,15,12,24.0,7.3246,5707
SSEBOP,2003-11-01,1-013,1-013,LITTLE LAKE VALLEY,LITTLE LAKE VALLEY,19.3131,18,13,24.0,8.8677,45008
SSEBOP,2003-11-01,1-041,1-041,LITTLE VALLEY,LITTLE VALLEY,33.3346,35,24,43.0,10.6806,3655
SSEBOP,2003-11-01,2-010,2-010,LIVERMORE VALLEY,LIVERMORE VALLEY,16.3846,16,10,22.0,9.747,289898
SSEBOP,2003-11-01,2-038,2-038,LOBOS,LOBOS,14.6157,10,3,26.0,12.9966,10005
SSEBOP,2003-11-01,3-006,3-006,LOCKWOOD VALLEY,LOCKWOOD VALLEY,22.477,20,11,30.0,16.5479,267635
SSEBOP,2003-11-01,4-017,4-017,LOCKWOOD VALLEY,LOCKWOOD VALLEY,19.5121,19,11,27.0,9.7111,97987
SSEBOP,2003-11-01,6-011,6-011,LONG VALLEY,LONG VALLEY,6.064,3,1,6.0,10.6241,314874
SSEBOP,2003-11-01,5-044,5-044,LONG VALLEY,LONG VALLEY,8.6286,8,5,10.0,5.0349,455
SSEBOP,2003-11-01,6-104,6-104,LONG VALLEY,LONG VALLEY,4.6891,4,2,7.0,4.0895,210293
SSEBOP,2003-11-01,5-031,5-031,LONG VALLEY,LONG VALLEY,19.1096,18,11,28.0,10.3649,12611
SSEBOP,2003-11-01,5-070,5-070,LOS BANOS CREEK VALLEY,LOS BANOS CREEK VALLEY,6.1941,4,1,7.0,8.0579,21748
SSEBOP,2003-11-01,3-008.01,3-008,LOS OSOS VALLEY,LOS OSOS VALLEY - LOS OSOS AREA,23.1662,22,16,30.0,9.862,19010
SSEBOP,2003-11-01,3-008.02,3-008,LOS OSOS VALLEY,LOS OSOS VALLEY - WARDEN CREEK,19.4901,19,13,25.0,8.6412,7933
SSEBOP,2003-11-01,7-051,7-051,LOST HORSE VALLEY,LOST HORSE VALLEY,4.214,3,2,5.0,4.3902,77794
SSEBOP,2003-11-01,6-071,6-071,LOST LAKE VALLEY,LOST LAKE VALLEY,0.8425,0,0,0.0,2.7194,104183
SSEBOP,2003-11-01,6-021,6-021,LOWER KINGSTON VALLEY,LOWER KINGSTON VALLEY,1.3438,0,0,1.0,3.6333,1078021
SSEBOP,2003-11-01,1-014,1-014,LOWER KLAMATH RIVER VALLEY,LOWER KLAMATH RIVER VALLEY,25.2137,25,20,30.0,7.6988,31309
SSEBOP,2003-11-01,5-030,5-030,LOWER LAKE VALLEY,LOWER LAKE VALLEY,17.5068,17,13,21.0,7.7109,10810
SSEBOP,2003-11-01,1-038,1-038,LOWER LAYTONVILLE VALLEY,LOWER LAYTONVILLE VALLEY,35.2378,39,28,43.0,10.5792,9678
SSEBOP,2003-11-01,6-040,6-040,LOWER MOJAVE RIVER VALLEY,LOWER MOJAVE RIVER VALLEY,2.3311,0,0,1.0,7.3566,1281538
SSEBOP,2003-11-01,1-060,1-060,LOWER RUSSIAN RIVER VALLEY,LOWER RUSSIAN RIVER VALLEY,26.6536,27,20,34.0,8.9482,29869
SSEBOP,2003-11-01,7-019,7-019,LUCERNE VALLEY,LUCERNE VALLEY,1.4,0,0,1.0,3.6013,662788
SSEBOP,2003-11-01,1-008.02,1-008,MAD RIVER VALLEY,MAD RIVER VALLEY - DOWS PRAIRIE SCHOOL AREA,30.5508,33,24,38.0,9.4785,68074
SSEBOP,2003-11-01,1-008.01,1-008,MAD RIVER VALLEY,MAD RIVER VALLEY - MAD RIVER LOWLAND,30.8235,32,24,40.0,10.7354,106292
SSEBOP,2003-11-01,6-002,6-002,MADELINE PLAINS,MADELINE PLAINS,3.8897,2,1,5.0,4.9178,565725
SSEBOP,2003-11-01,3-051,3-051,MAJORS CREEK,MAJORS CREEK,27.4275,26,20,34.0,9.9201,1530
SSEBOP,2003-11-01,4-022,4-022,MALIBU VALLEY,MALIBU VALLEY,31.9631,35,18,44.0,16.602,2603
SSEBOP,2003-11-01,6-064,6-064,MARBLE CANYON AREA,MARBLE CANYON AREA,2.8182,0,0,3.0,5.1836,46600
SSEBOP,2003-11-01,2-039,2-039,MARINA,MARINA,16.3162,14,4,27.0,13.6534,8470
SSEBOP,2003-11-01,6-067,6-067,MARTIS VALLEY,MARTIS VALLEY,17.4371,19,11,24.0,8.7491,152489
SSEBOP,2003-11-01,7-059,7-059,MASON VALLEY,MASON VALLEY,4.7537,1,0,6.0,7.8783,24829
SSEBOP,2003-11-01,1-028,1-028,MATTOLE RIVER VALLEY,MATTOLE RIVER VALLEY,27.2484,26,17,37.0,12.2529,13925
SSEBOP,2003-11-01,5-035,5-035,MCCLOUD AREA,MCCLOUD AREA,25.7801,27,24,29.0,4.4578,95901
SSEBOP,2003-11-01,5-095,5-095,MEADOW VALLEY,MEADOW VALLEY,30.5742,33,27,36.0,8.1669,21651
SSEBOP,2003-11-01,7-017,7-017,MEANS VALLEY,MEANS VALLEY,0.1987,0,0,0.0,1.2064,67158
SSEBOP,2003-11-01,6-029,6-029,MESQUITE VALLEY,MESQUITE VALLEY,2.3054,1,0,2.0,6.2751,384627
SSEBOP,2003-11-01,6-020,6-020,MIDDLE AMARGOSA VALLEY,MIDDLE AMARGOSA VALLEY,1.1451,0,0,1.0,3.425,1741024
SSEBOP,2003-11-01,5-094,5-094,MIDDLE CREEK,MIDDLE CREEK,16.8267,16,9,24.0,9.6621,3174
SSEBOP,2003-11-01,5-087,5-087,MIDDLE FORK FEATHER RIVER,MIDDLE FORK FEATHER RIVER,23.4102,25,18,30.0,8.8195,19509
SSEBOP,2003-11-01,6-041,6-041,MIDDLE MOJAVE RIVER VALLEY,MIDDLE MOJAVE RIVER VALLEY,2.2712,1,0,3.0,3.8339,949242
SSEBOP,2003-11-01,6-080,6-080,MIDDLE PARK CANYON,MIDDLE PARK CANYON,5.3824,3,1,6.0,6.6179,7832
SSEBOP,2003-11-01,5-085,5-085,MIL POTRERO AREA,MIL POTRERO AREA,30.583,32,26,36.0,7.7309,10380
SSEBOP,2003-11-01,9-014,9-014,MISSION VALLEY,MISSION VALLEY,17.8997,14,3,28.0,16.981,31839
SSEBOP,2003-11-01,5-011,5-011,MOHAWK VALLEY,MOHAWK VALLEY,27.4383,29,23,33.0,7.1994,85339
SSEBOP,2003-11-01,6-009,6-009,MONO VALLEY,MONO VALLEY,14.7488,1,0,51.0,22.2483,769257
SSEBOP,2003-11-01,3-049,3-049,MONTECITO,MONTECITO,42.9474,45,38,50.0,9.9137,27307
SSEBOP,2003-11-01,7-020,7-020,MORONGO VALLEY,MORONGO VALLEY,4.7648,4,1,6.0,5.2288,32496
SSEBOP,2003-11-01,3-041,3-041,MORRO VALLEY,MORRO VALLEY,24.9616,25,16,33.0,11.2156,2500
SSEBOP,2003-11-01,5-008,5-008,MOUNTAIN MEADOWS VALLEY,MOUNTAIN MEADOWS VALLEY,12.262,8,4,22.0,10.7598,31723
SSEBOP,2003-11-01,1-056,1-056,McDOWELL VALLEY,McDOWELL VALLEY,22.9317,22,17,28.0,8.0725,6694
SSEBOP,2003-11-01,2-002.01,2-002,NAPA-SONOMA VALLEY,NAPA-SONOMA VALLEY - NAPA VALLEY,20.7396,21,17,24.0,6.6183,200457
SSEBOP,2003-11-01,2-002.03,2-002,NAPA-SONOMA VALLEY,NAPA-SONOMA VALLEY - NAPA-SONOMA LOWLANDS,21.4925,19,10,29.0,14.431,158207
SSEBOP,2003-11-01,2-002.02,2-002,NAPA-SONOMA VALLEY,NAPA-SONOMA VALLEY - SONOMA VALLEY,17.9435,17,13,22.0,7.3345,201507
SSEBOP,2003-11-01,1-046,1-046,NAVARRO RIVER VALLEY,NAVARRO RIVER VALLEY,43.6221,45,42,46.0,3.9749,3104
SSEBOP,2003-11-01,3-052,3-052,NEEDLE ROCK POINT,NEEDLE ROCK POINT,28.2442,28,21,35.0,10.6064,2674
SSEBOP,2003-11-01,7-044,7-044,NEEDLES VALLEY,NEEDLES VALLEY,4.1919,0,0,2.0,13.0524,384797
SSEBOP,2003-11-01,5-050,5-050,NORTH FORK BATTLE CREEK,NORTH FORK BATTLE CREEK,25.4571,27,24,30.0,6.5997,57243
SSEBOP,2003-11-01,2-030,2-030,NOVATO VALLEY,NOVATO VALLEY,17.9646,17,11,24.0,9.6666,92324
SSEBOP,2003-11-01,7-025,7-025,OCOTILLO-CLARK VALLEY,OCOTILLO-CLARK VALLEY,2.0446,0,0,0.0,8.8788,999504
SSEBOP,2003-11-01,7-035,7-035,OGILBY VALLEY,OGILBY VALLEY,0.3929,0,0,0.0,2.3745,592059
SSEBOP,2003-11-01,4-002,4-002,OJAI VALLEY,OJAI VALLEY,41.7247,43,35,49.0,10.5557,26588
SSEBOP,2003-11-01,3-039,3-039,OLD VALLEY,OLD VALLEY,16.0014,16,6,24.0,11.2133,5043
SSEBOP,2003-11-01,6-108,6-108,OLYMPIC VALLEY,OLYMPIC VALLEY,15.3278,16,10,21.0,7.3554,2660
SSEBOP,2003-11-01,7-031,7-031,OROCOPIA VALLEY,OROCOPIA VALLEY,1.6504,0,0,1.0,4.7006,432652
SSEBOP,2003-11-01,6-012.02,6-012,OWENS VALLEY,OWENS VALLEY - FISH SLOUGH,3.9851,1,0,6.0,6.0291,14498
SSEBOP,2003-11-01,6-012.01,6-012,OWENS VALLEY,OWENS VALLEY - OWENS VALLEY,5.7519,1,0,5.0,12.1659,2951850
SSEBOP,2003-11-01,6-088,6-088,OWL LAKE VALLEY,OWL LAKE VALLEY,0.9504,0,0,0.0,3.6481,99609
SSEBOP,2003-11-01,6-028,6-028,PAHRUMP VALLEY,PAHRUMP VALLEY,1.0539,0,0,1.0,3.1795,407320
SSEBOP,2003-11-01,6-099,6-099,PAINTERS FLAT,PAINTERS FLAT,7.8485,7,4,10.0,5.8187,25566
SSEBOP,2003-11-01,7-039,7-039,PALO VERDE MESA,PALO VERDE MESA,6.5635,0,0,2.0,14.9755,1011287
SSEBOP,2003-11-01,7-038,7-038,PALO VERDE VALLEY,PALO VERDE VALLEY,32.3803,33,16,47.0,19.3562,302116
SSEBOP,2003-11-01,9-024,9-024,PAMO VALLEY,PAMO VALLEY,18.0059,16,9,26.0,12.5784,6766
SSEBOP,2003-11-01,6-058,6-058,PANAMINT VALLEY,PANAMINT VALLEY,0.8433,0,0,0.0,3.2007,1165899
SSEBOP,2003-11-01,5-023,5-023,PANOCHE VALLEY,PANOCHE VALLEY,2.7179,1,0,4.0,4.3906,148758
SSEBOP,2003-11-01,3-032,3-032,PEACH TREE VALLEY,PEACH TREE VALLEY,3.4418,1,0,4.0,5.8106,44038
SSEBOP,2003-11-01,1-030,1-030,PEPPERWOOD TOWN AREA,PEPPERWOOD TOWN AREA,33.3945,37,26,44.0,13.2317,27589
SSEBOP,2003-11-01,2-026,2-026,PESCADERO VALLEY,PESCADERO VALLEY,27.7192,27,20,36.0,11.0385,11915
SSEBOP,2003-11-01,2-001,2-001,PETALUMA VALLEY,PETALUMA VALLEY,15.4615,14,9,20.0,8.8815,209829
SSEBOP,2003-11-01,6-051,6-051,PILOT KNOB VALLEY,PILOT KNOB VALLEY,0.7856,0,0,1.0,2.1325,622483
SSEBOP,2003-11-01,6-092,6-092,PINE CREEK VALLEY,PINE CREEK VALLEY,4.9689,2,0,6.0,6.8447,38008
SSEBOP,2003-11-01,7-006,7-006,PINTO VALLEY,PINTO VALLEY,0.7806,0,0,0.0,2.6466,820315
SSEBOP,2003-11-01,7-049,7-049,PIPES CANYON FAULT VALLEY,PIPES CANYON FAULT VALLEY,6.0532,6,4,8.0,3.6133,15213
SSEBOP,2003-11-01,2-004,2-004,PITTSBURG PLAIN,PITTSBURG PLAIN,12.0313,10,5,16.0,10.4938,48674
SSEBOP,2003-11-01,7-045,7-045,PIUTE VALLEY,PIUTE VALLEY,0.9179,0,0,1.0,2.5316,782206
SSEBOP,2003-11-01,7-052,7-052,PLEASANT VALLEY,PLEASANT VALLEY,3.694,3,2,4.0,4.0769,43336
SSEBOP,2003-11-01,4-006,4-006,PLEASANT VALLEY,PLEASANT VALLEY,27.7529,25,17,36.0,15.1977,89204
SSEBOP,2003-11-01,5-038,5-038,PONDOSA TOWN AREA,PONDOSA TOWN AREA,23.8818,26,22,28.0,5.8941,9355
SSEBOP,2003-11-01,5-068,5-068,POPE VALLEY,POPE VALLEY,17.2514,16,12,22.0,8.4912,32313
SSEBOP,2003-11-01,9-029,9-029,POTRERO VALLEY,POTRERO VALLEY,13.4603,12,7,19.0,8.031,9083
SSEBOP,2003-11-01,1-051,1-051,POTTER VALLEY,POTTER VALLEY,25.2744,27,19,32.0,9.7484,37054
SSEBOP,2003-11-01,9-013,9-013,POWAY VALLEY,POWAY VALLEY,22.481,22,16,29.0,9.8109,11080
SSEBOP,2003-11-01,3-044,3-044,POZO VALLEY,POZO VALLEY,22.0695,22,16,28.0,8.7458,30784
SSEBOP,2003-11-01,1-025,1-025,PRAIRIE CREEK AREA,PRAIRIE CREEK AREA,32.4607,33,31,35.0,5.0297,91097
SSEBOP,2003-11-01,7-040,7-040,QUIEN SABE POINT VALLEY,QUIEN SABE POINT VALLEY,3.4596,0,0,2.0,10.0522,99694
SSEBOP,2003-11-01,3-024,3-024,QUIEN SABE VALLEY,QUIEN SABE VALLEY,8.974,8,4,12.0,7.1969,21173
SSEBOP,2003-11-01,6-062,6-062,RACE TRACK VALLEY,RACE TRACK VALLEY,0.6609,0,0,0.0,2.1122,63448
SSEBOP,2003-11-01,3-046,3-046,RAFAEL VALLEY,RAFAEL VALLEY,18.2832,17,10,25.0,12.3006,12590
SSEBOP,2003-11-01,9-025,9-025,RANCHITA TOWN AREA,RANCHITA TOWN AREA,15.3573,15,10,21.0,7.679,14032
SSEBOP,2003-11-01,4-023,4-023,RAYMOND,RAYMOND,26.6663,28,19,35.0,11.5401,117113
SSEBOP,2003-11-01,6-024,6-024,RED PASS VALLEY,RED PASS VALLEY,0.5022,0,0,0.0,2.3863,433105
SSEBOP,2003-11-01,1-018,1-018,RED ROCK VALLEY,RED ROCK VALLEY,8.3376,8,5,11.0,4.3245,40456
SSEBOP,2003-11-01,5-006.03,5-006,REDDING AREA,REDDING AREA - ANDERSON,22.727,23,17,28.0,8.1,443557
SSEBOP,2003-11-01,5-006.01,5-006,REDDING AREA,REDDING AREA - BOWMAN,21.4795,22,16,26.0,7.1818,550973
SSEBOP,2003-11-01,5-006.04,5-006,REDDING AREA,REDDING AREA - ENTERPRISE,19.631,19,14,25.0,8.3243,275581
SSEBOP,2003-11-01,5-006.05,5-006,REDDING AREA,REDDING AREA - MILLVILLE,19.4976,19,15,24.0,6.6684,295058
SSEBOP,2003-11-01,5-006.06,5-006,REDDING AREA,REDDING AREA - SOUTH BATTLE CREEK,17.3649,16,12,23.0,8.7342,151596
SSEBOP,2003-11-01,1-026,1-026,REDWOOD CREEK AREA,REDWOOD CREEK AREA,24.2894,24,20,29.0,7.561,8971
SSEBOP,2003-11-01,6-086,6-086,RHODES HILL AREA,RHODES HILL AREA,2.0831,0,0,2.0,5.1545,70067
SSEBOP,2003-11-01,7-004,7-004,RICE VALLEY,RICE VALLEY,0.6756,0,0,0.0,3.8438,841014
SSEBOP,2003-11-01,6-023,6-023,RIGGS VALLEY,RIGGS VALLEY,0.4439,0,0,0.0,1.9543,393528
SSEBOP,2003-11-01,3-043,3-043,RINCONADA VALLEY,RINCONADA VALLEY,23.3665,23,18,28.0,7.2801,11582
SSEBOP,2003-11-01,5-043,5-043,ROCK PRAIRIE VALLEY,ROCK PRAIRIE VALLEY,5.0156,3,2,5.0,7.2143,21962
SSEBOP,2003-11-01,6-056,6-056,ROSE VALLEY,ROSE VALLEY,2.1806,1,0,3.0,4.0793,191219
SSEBOP,2003-11-01,2-028,2-028,ROSS VALLEY,ROSS VALLEY,17.8662,16,10,23.0,11.2168,7930
SSEBOP,2003-11-01,5-036,5-036,ROUND VALLEY,ROUND VALLEY,8.5309,8,5,11.0,5.2577,32628
SSEBOP,2003-11-01,4-020,4-020,RUSSELL VALLEY,RUSSELL VALLEY,19.1576,20,11,27.0,10.4752,13836
SSEBOP,2003-11-01,5-021.54,5-021,SACRAMENTO VALLEY,SACRAMENTO VALLEY - ANTELOPE,25.3032,25,17,32.0,10.2909,85847
SSEBOP,2003-11-01,5-021.53,5-021,SACRAMENTO VALLEY,SACRAMENTO VALLEY - BEND,20.2275,20,15,24.0,8.075,101956
SSEBOP,2003-11-01,5-021.70,5-021,SACRAMENTO VALLEY,SACRAMENTO VALLEY - BUTTE,23.6077,23,14,35.0,12.717,1074399
SSEBOP,2003-11-01,5-021.52,5-021,SACRAMENTO VALLEY,SACRAMENTO VALLEY - COLUSA,21.8309,19,12,29.0,13.4699,3163498
SSEBOP,2003-11-01,5-021.51,5-021,SACRAMENTO VALLEY,SACRAMENTO VALLEY - CORNING,21.5468,20,15,27.0,9.0789,932273
SSEBOP,2003-11-01,5-021.56,5-021,SACRAMENTO VALLEY,SACRAMENTO VALLEY - LOS MOLINOS,19.3441,17,14,24.0,8.098,447036
SSEBOP,2003-11-01,5-021.64,5-021,SACRAMENTO VALLEY,SACRAMENTO VALLEY - NORTH AMERICAN,17.6494,17,12,23.0,8.9555,1349786
SSEBOP,2003-11-01,5-021.60,5-021,SACRAMENTO VALLEY,SACRAMENTO VALLEY - NORTH YUBA,25.0664,23,17,36.0,11.7883,258381
SSEBOP,2003-11-01,5-021.50,5-021,SACRAMENTO VALLEY,SACRAMENTO VALLEY - RED BLUFF,19.3479,18,14,24.0,7.388,1221560
SSEBOP,2003-11-01,5-021.66,5-021,SACRAMENTO VALLEY,SACRAMENTO VALLEY - SOLANO,18.5636,16,9,27.0,13.1164,1472761
SSEBOP,2003-11-01,5-021.65,5-021,SACRAMENTO VALLEY,SACRAMENTO VALLEY - SOUTH AMERICAN,16.5651,16,11,21.0,8.2652,1034663
SSEBOP,2003-11-01,5-021.61,5-021,SACRAMENTO VALLEY,SACRAMENTO VALLEY - SOUTH YUBA,18.1096,17,12,23.0,9.5043,441270
SSEBOP,2003-11-01,5-021.62,5-021,SACRAMENTO VALLEY,SACRAMENTO VALLEY - SUTTER,16.824,16,8,24.0,11.7393,1223926
SSEBOP,2003-11-01,5-021.57,5-021,SACRAMENTO VALLEY,SACRAMENTO VALLEY - VINA,20.0607,19,13,27.0,9.1396,786563
SSEBOP,2003-11-01,5-021.69,5-021,SACRAMENTO VALLEY,SACRAMENTO VALLEY - WYANDOTTE CREEK,17.3467,16,11,22.0,8.2489,263163
SSEBOP,2003-11-01,5-021.67,5-021,SACRAMENTO VALLEY,SACRAMENTO VALLEY - YOLO,15.6447,14,7,22.0,11.0157,2219770
SSEBOP,2003-11-01,3-004.01,3-004,SALINAS VALLEY,SALINAS VALLEY - 180/400 FOOT AQUIFER,22.0626,20,13,30.0,12.6606,402330
SSEBOP,2003-11-01,3-004.11,3-004,SALINAS VALLEY,SALINAS VALLEY - ATASCADERO AREA,20.3531,19,12,27.0,11.1484,88597
SSEBOP,2003-11-01,3-004.02,3-004,SALINAS VALLEY,SALINAS VALLEY - EAST SIDE AQUIFER,17.8187,16,10,24.0,11.7766,258177
SSEBOP,2003-11-01,3-004.04,3-004,SALINAS VALLEY,SALINAS VALLEY - FOREBAY AQUIFER,20.4838,20,12,29.0,11.9657,422897
SSEBOP,2003-11-01,3-004.09,3-004,SALINAS VALLEY,SALINAS VALLEY - LANGLEY AREA,28.8649,30,21,38.0,11.7751,79219
SSEBOP,2003-11-01,3-004.10,3-004,SALINAS VALLEY,SALINAS VALLEY - MONTEREY,23.066,24,15,32.0,11.5804,138515
SSEBOP,2003-11-01,3-004.06,3-004,SALINAS VALLEY,SALINAS VALLEY - PASO ROBLES AREA,16.4463,15,6,25.0,12.4858,1931505
SSEBOP,2003-11-01,3-004.08,3-004,SALINAS VALLEY,SALINAS VALLEY - SEASIDE,24.3782,26,14,34.0,12.1708,65098
SSEBOP,2003-11-01,3-004.05,3-004,SALINAS VALLEY,SALINAS VALLEY - UPPER VALLEY AQUIFER,16.5086,14,4,26.0,13.7875,1029690
SSEBOP,2003-11-01,6-017,6-017,SALINE VALLEY,SALINE VALLEY,0.8922,0,0,0.0,5.1692,657185
SSEBOP,2003-11-01,6-053,6-053,SALT WELLS VALLEY,SALT WELLS VALLEY,0.615,0,0,1.0,1.7417,132519
SSEBOP,2003-11-01,3-014,3-014,SAN ANTONIO CREEK VALLEY,SAN ANTONIO CREEK VALLEY,27.1931,27,20,35.0,10.9601,303230
SSEBOP,2003-11-01,3-028,3-028,SAN BENITO RIVER VALLEY,SAN BENITO RIVER VALLEY,16.7798,17,6,26.0,11.8376,108945
SSEBOP,2003-11-01,3-033,3-033,SAN CARPOFORO VALLEY,SAN CARPOFORO VALLEY,36.0117,37,27,46.0,12.1898,4693
SSEBOP,2003-11-01,9-015,9-015,SAN DIEGO RIVER VALLEY,SAN DIEGO RIVER VALLEY,30.2299,29,18,41.0,15.9977,38030
SSEBOP,2003-11-01,9-012,9-012,SAN DIEGUITO CREEK,SAN DIEGUITO CREEK,38.5372,40,31,47.0,12.5114,15457
SSEBOP,2003-11-01,9-023,9-023,SAN ELIJO VALLEY,SAN ELIJO VALLEY,34.1078,36,28,41.0,10.5239,3969
SSEBOP,2003-11-01,7-027,7-027,SAN FELIPE VALLEY,SAN FELIPE VALLEY,8.4309,6,2,12.0,8.9657,105140
SSEBOP,2003-11-01,4-012,4-012,SAN FERNANDO VALLEY,SAN FERNANDO VALLEY,17.5625,17,9,25.0,11.2967,651274
SSEBOP,2003-11-01,4-013,4-013,SAN GABRIEL VALLEY,SAN GABRIEL VALLEY,15.3542,14,8,21.0,11.0629,568160
SSEBOP,2003-11-01,2-024,2-024,SAN GREGORIO VALLEY,SAN GREGORIO VALLEY,24.0985,24,17,31.5,10.012,4376
SSEBOP,2003-11-01,8-005,8-005,SAN JACINTO,SAN JACINTO,19.4589,17,9,25.0,15.5371,711857
SSEBOP,2003-11-01,5-022.05,5-022,SAN JOAQUIN VALLEY,SAN JOAQUIN VALLEY - CHOWCHILLA,19.2223,19,9,29.0,12.554,641660
SSEBOP,2003-11-01,5-022.16,5-022,SAN JOAQUIN VALLEY,SAN JOAQUIN VALLEY - COSUMNES,17.3368,16,12,22.0,8.3824,944473
SSEBOP,2003-11-01,5-022.07,5-022,SAN JOAQUIN VALLEY,SAN JOAQUIN VALLEY - DELTA-MENDOTA,19.6196,16,7,30.0,15.4385,3371907
SSEBOP,2003-11-01,5-022.19,5-022,SAN JOAQUIN VALLEY,SAN JOAQUIN VALLEY - EAST CONTRA COSTA,19.9121,16,9,27.0,15.2269,412215
SSEBOP,2003-11-01,5-022.01,5-022,SAN JOAQUIN VALLEY,SAN JOAQUIN VALLEY - EASTERN SAN JOAQUIN,18.8394,18,12,25.0,9.4449,3408794
SSEBOP,2003-11-01,5-022.11,5-022,SAN JOAQUIN VALLEY,SAN JOAQUIN VALLEY - KAWEAH,17.3053,15,6,28.0,12.7421,1975749
SSEBOP,2003-11-01,5-022.14,5-022,SAN JOAQUIN VALLEY,SAN JOAQUIN VALLEY - KERN COUNTY,13.71,9,1,23.0,14.1913,7939700
SSEBOP,2003-11-01,5-022.17,5-022,SAN JOAQUIN VALLEY,SAN JOAQUIN VALLEY - KETTLEMAN PLAIN,6.5357,4,0,10.0,8.0132,282430
SSEBOP,2003-11-01,5-022.08,5-022,SAN JOAQUIN VALLEY,SAN JOAQUIN VALLEY - KINGS,17.1412,17,8,26.0,11.533,4386094
SSEBOP,2003-11-01,5-022.06,5-022,SAN JOAQUIN VALLEY,SAN JOAQUIN VALLEY - MADERA,14.2213,12,2,24.0,12.4742,1562666
SSEBOP,2003-11-01,5-022.04,5-022,SAN JOAQUIN VALLEY,SAN JOAQUIN VALLEY - MERCED,15.3739,13,6,24.0,11.8943,2279707
SSEBOP,2003-11-01,5-022.02,5-022,SAN JOAQUIN VALLEY,SAN JOAQUIN VALLEY - MODESTO,19.2605,19,11,27.0,10.7538,1096741
SSEBOP,2003-11-01,5-022.10,5-022,SAN JOAQUIN VALLEY,SAN JOAQUIN VALLEY - PLEASANT VALLEY,3.6187,2,0,5.0,5.5193,216531
SSEBOP,2003-11-01,5-022.15,5-022,SAN JOAQUIN VALLEY,SAN JOAQUIN VALLEY - TRACY,20.3796,18,12,27.0,11.3949,1051404
SSEBOP,2003-11-01,5-022.12,5-022,SAN JOAQUIN VALLEY,SAN JOAQUIN VALLEY - TULARE LAKE,13.1368,10,3,21.0,12.4825,2357891
SSEBOP,2003-11-01,5-022.13,5-022,SAN JOAQUIN VALLEY,SAN JOAQUIN VALLEY - TULE,14.9381,12,3,25.0,12.8594,2105005
SSEBOP,2003-11-01,5-022.03,5-022,SAN JOAQUIN VALLEY,SAN JOAQUIN VALLEY - TURLOCK,20.419,21,12,28.0,10.9819,1500367
SSEBOP,2003-11-01,5-022.09,5-022,SAN JOAQUIN VALLEY,SAN JOAQUIN VALLEY - WESTSIDE,10.4941,7,2,15.0,11.2716,2795770
SSEBOP,2003-11-01,5-022.18,5-022,SAN JOAQUIN VALLEY,SAN JOAQUIN VALLEY - WHITE WOLF,16.4169,11,2,28.0,16.6609,483568
SSEBOP,2003-11-01,9-001,9-001,SAN JUAN VALLEY,SAN JUAN VALLEY,24.7851,25,17,33.0,11.6877,73255
SSEBOP,2003-11-01,3-009,3-009,SAN LUIS OBISPO VALLEY,SAN LUIS OBISPO VALLEY,19.049,18,12,25.0,10.0264,57221
SSEBOP,2003-11-01,9-007.02,9-007,SAN LUIS REY VALLEY,SAN LUIS REY VALLEY - LOWER SAN LUIS REY VALLEY,28.3125,28,17,40.0,14.7449,46175
SSEBOP,2003-11-01,9-007.01,9-007,SAN LUIS REY VALLEY,SAN LUIS REY VALLEY - UPPER SAN LUIS REY VALLEY,34.504,32,18,50.0,20.0569,86570
SSEBOP,2003-11-01,9-032,9-032,SAN MARCOS AREA,SAN MARCOS AREA,12.4448,11,5,18.0,9.0662,9564
SSEBOP,2003-11-01,9-002,9-002,SAN MATEO VALLEY,SAN MATEO VALLEY,27.7372,27,19,35.0,12.649,13164
SSEBOP,2003-11-01,9-003,9-003,SAN ONOFRE VALLEY,SAN ONOFRE VALLEY,21.2368,20,15,27.0,9.3044,5516
SSEBOP,2003-11-01,9-010,9-010,SAN PASQUAL VALLEY,SAN PASQUAL VALLEY,38.1576,36,27,47.0,16.4396,15720
SSEBOP,2003-11-01,2-036,2-036,SAN PEDRO VALLEY,SAN PEDRO VALLEY,18.1987,17,12,23.0,9.0116,2154
SSEBOP,2003-11-01,2-029,2-029,SAN RAFAEL VALLEY,SAN RAFAEL VALLEY,6.5628,4,1,10.0,7.587,3932
SSEBOP,2003-11-01,2-007,2-007,SAN RAMON VALLEY,SAN RAMON VALLEY,21.95,23,17,27.0,7.4513,30974
SSEBOP,2003-11-01,3-035,3-035,SAN SIMEON VALLEY,SAN SIMEON VALLEY,21.5747,21,14,28.0,10.117,2344
SSEBOP,2003-11-01,2-027,2-027,SAND POINT AREA,SAND POINT AREA,17.0566,17,13,21.0,6.3542,100074
SSEBOP,2003-11-01,1-053,1-053,SANEL VALLEY,SANEL VALLEY,21.6725,22,16,27.0,8.0874,25053
SSEBOP,2003-11-01,3-022,3-022,SANTA ANA VALLEY,SANTA ANA VALLEY,7.9307,7,4,11.0,5.9889,12249
SSEBOP,2003-11-01,3-017,3-017,SANTA BARBARA,SANTA BARBARA,26.9005,27,18,36.0,12.5726,26897
SSEBOP,2003-11-01,4-004.05,4-004,SANTA CLARA RIVER VALLEY,SANTA CLARA RIVER VALLEY - FILLMORE,37.8486,39,28,48.0,13.5783,101526
SSEBOP,2003-11-01,4-004.03,4-004,SANTA CLARA RIVER VALLEY,SANTA CLARA RIVER VALLEY - MOUND,25.2259,22,14,34.0,15.1222,61597
SSEBOP,2003-11-01,4-004.02,4-004,SANTA CLARA RIVER VALLEY,SANTA CLARA RIVER VALLEY - OXNARD,28.1453,26,15,39.0,17.2007,250493
SSEBOP,2003-11-01,4-004.06,4-004,SANTA CLARA RIVER VALLEY,SANTA CLARA RIVER VALLEY - PIRU,25.4277,25,11,39.0,16.7593,49008
SSEBOP,2003-11-01,4-004.07,4-004,SANTA CLARA RIVER VALLEY,SANTA CLARA RIVER VALLEY - SANTA CLARA RIVER VALLEY EAST,17.841,16,8,25.0,13.8314,304356
SSEBOP,2003-11-01,4-004.04,4-004,SANTA CLARA RIVER VALLEY,SANTA CLARA RIVER VALLEY - SANTA PAULA,34.0029,36,24,44.0,13.3492,99438
SSEBOP,2003-11-01,2-009.04,2-009,SANTA CLARA VALLEY,SANTA CLARA VALLEY - EAST BAY PLAIN,10.225,9,4,14.0,9.27,287189
SSEBOP,2003-11-01,2-009.01,2-009,SANTA CLARA VALLEY,SANTA CLARA VALLEY - NILES CONE,23.1294,17,10,38.0,17.9838,265306
SSEBOP,2003-11-01,2-009.03,2-009,SANTA CLARA VALLEY,SANTA CLARA VALLEY - SAN MATEO PLAIN,21.2931,18,10,31.0,15.1754,161095
SSEBOP,2003-11-01,2-009.02,2-009,SANTA CLARA VALLEY,SANTA CLARA VALLEY - SANTA CLARA,18.8212,17,11,24.0,12.0866,749818
SSEBOP,2003-11-01,3-001,3-001,SANTA CRUZ MID-COUNTY,SANTA CRUZ MID-COUNTY,38.7247,43,28,51.0,14.839,133600
SSEBOP,2003-11-01,3-027,3-027,SANTA MARGARITA,SANTA MARGARITA,43.5217,48,39,52.0,12.0455,86742
SSEBOP,2003-11-01,9-004,9-004,SANTA MARGARITA VALLEY,SANTA MARGARITA VALLEY,28.0131,29,17,38.0,15.6714,22473
SSEBOP,2003-11-01,3-012.02,3-012,SANTA MARIA RIVER VALLEY,SANTA MARIA RIVER VALLEY - ARROYO GRANDE,26.3592,26,19,33.0,9.998,13025
SSEBOP,2003-11-01,3-012.01,3-012,SANTA MARIA RIVER VALLEY,SANTA MARIA RIVER VALLEY - SANTA MARIA,27.2232,27,19,35.0,12.8551,762121
SSEBOP,2003-11-01,9-011,9-011,SANTA MARIA VALLEY,SANTA MARIA VALLEY,21.6431,21,14,28.0,10.0849,55261
SSEBOP,2003-11-01,6-068,6-068,SANTA ROSA FLAT,SANTA ROSA FLAT,0.9543,0,0,1.0,1.6183,75450
SSEBOP,2003-11-01,3-036,3-036,SANTA ROSA VALLEY,SANTA ROSA VALLEY,15.73,14,9,22.0,9.737,15379
SSEBOP,2003-11-01,1-055.02,1-055,SANTA ROSA VALLEY,SANTA ROSA VALLEY - HEALDSBURG AREA,21.0397,20,17,24.0,7.0405,69295
SSEBOP,2003-11-01,1-055.03,1-055,SANTA ROSA VALLEY,SANTA ROSA VALLEY - RINCON VALLEY,20.3782,20,15,26.0,7.6909,24958
SSEBOP,2003-11-01,1-055.01,1-055,SANTA ROSA VALLEY,SANTA ROSA VALLEY - SANTA ROSA PLAIN,17.8026,17,13,22.0,7.2327,365481
SSEBOP,2003-11-01,3-015,3-015,SANTA YNEZ RIVER VALLEY,SANTA YNEZ RIVER VALLEY,25.3722,25,17,34.0,11.6659,911581
SSEBOP,2003-11-01,1-005,1-005,SCOTT RIVER VALLEY,SCOTT RIVER VALLEY,12.5539,13,7,18.0,6.9743,286975
SSEBOP,2003-11-01,5-014,5-014,SCOTTS VALLEY,SCOTTS VALLEY,18.0419,18,12,24.0,8.1498,32925
SSEBOP,2003-11-01,6-052,6-052,SEARLES VALLEY,SEARLES VALLEY,4.0852,0,0,1.0,15.4711,885853
SSEBOP,2003-11-01,6-100,6-100,SECRET VALLEY,SECRET VALLEY,2.0385,1,0,3.0,3.5467,149310
SSEBOP,2003-11-01,1-016,1-016,SEIAD VALLEY,SEIAD VALLEY,19.725,21,16,24.0,6.7834,10105
SSEBOP,2003-11-01,8-008,8-008,SEVEN OAKS VALLEY,SEVEN OAKS VALLEY,42.776,44,38,49.0,8.6333,18334
SSEBOP,2003-11-01,1-004,1-004,SHASTA VALLEY,SHASTA VALLEY,9.2829,9,4,14.0,7.1407,981204
SSEBOP,2003-11-01,1-042,1-042,SHERWOOD VALLEY,SHERWOOD VALLEY,27.2946,27,15,40.0,12.4825,5169
SSEBOP,2003-11-01,5-012.02,5-012,SIERRA VALLEY,SIERRA VALLEY - CHILCOOT,7.3545,7,4,10.0,4.4797,33948
SSEBOP,2003-11-01,5-012.01,5-012,SIERRA VALLEY,SIERRA VALLEY - SIERRA VALLEY,10.8558,9,5,15.0,7.4499,527443
SSEBOP,2003-11-01,6-034,6-034,SILVER LAKE VALLEY,SILVER LAKE VALLEY,0.3038,0,0,0.0,1.4615,158273
SSEBOP,2003-11-01,4-009,4-009,SIMI VALLEY,SIMI VALLEY,20.6375,20,14,27.0,10.4839,54663
SSEBOP,2003-11-01,6-105,6-105,SLINKARD VALLEY,SLINKARD VALLEY,10.059,7,5,13.0,7.4852,19847
SSEBOP,2003-11-01,1-001,1-001,SMITH RIVER PLAIN,SMITH RIVER PLAIN,22.1497,21,17,28.0,8.7498,174383
SSEBOP,2003-11-01,6-033,6-033,SODA LAKE VALLEY,SODA LAKE VALLEY,1.1058,0,0,1.0,2.753,1708916
SSEBOP,2003-11-01,2-037,2-037,SOUTH SAN FRANCISCO,SOUTH SAN FRANCISCO,6.968,3,0,9.0,10.374,8534
SSEBOP,2003-11-01,6-082,6-082,SPRING CANYON VALLEY,SPRING CANYON VALLEY,1.2175,0,0,1.0,2.9158,21584
SSEBOP,2003-11-01,5-089,5-089,SQUAW FLAT,SQUAW FLAT,13.5878,14,12,15.0,3.0731,5813
SSEBOP,2003-11-01,5-088,5-088,STONY GORGE RESERVOIR,STONY GORGE RESERVOIR,21.0002,21,17,25.0,6.5344,4788
SSEBOP,2003-11-01,5-063,5-063,STONYFORD TOWN AREA,STONYFORD TOWN AREA,17.3673,17,12,22.0,6.4378,28955
SSEBOP,2003-11-01,2-003,2-003,SUISUN-FAIRFIELD VALLEY,SUISUN-FAIRFIELD VALLEY,19.6022,17,9,27.0,14.0331,575311
SSEBOP,2003-11-01,2-011,2-011,SUNOL VALLEY,SUNOL VALLEY,18.2038,16,8,26.0,13.6736,64529
SSEBOP,2003-11-01,6-049,6-049,SUPERIOR VALLEY,SUPERIOR VALLEY,1.0304,1,0,1.0,1.721,538235
SSEBOP,2003-11-01,6-001,6-001,SURPRISE VALLEY,SURPRISE VALLEY,4.3202,1,0,7.0,6.6261,841695
SSEBOP,2003-11-01,6-107,6-107,SWEETWATER FLAT,SWEETWATER FLAT,10.1339,10,6,14.0,6.4864,17738
SSEBOP,2003-11-01,6-005.03,6-005,TAHOE VALLEY,TAHOE VALLEY - TAHOE NORTH,25.1475,27,23,29.0,6.4685,8669
SSEBOP,2003-11-01,6-005.01,6-005,TAHOE VALLEY,TAHOE VALLEY - TAHOE SOUTH,19.3525,21,15,24.0,7.3937,54714
SSEBOP,2003-11-01,6-005.02,6-005,TAHOE VALLEY,TAHOE VALLEY - TAHOE WEST,26.124,26,23,29.0,7.1264,24700
SSEBOP,2003-11-01,6-045,6-045,TEHACHAPI VALLEY EAST,TEHACHAPI VALLEY EAST,14.5958,12,7,20.0,10.069,107646
SSEBOP,2003-11-01,5-028,5-028,TEHACHAPI VALLEY WEST,TEHACHAPI VALLEY WEST,15.3543,15,11,20.0,7.0573,66457
SSEBOP,2003-11-01,9-005,9-005,TEMECULA VALLEY,TEMECULA VALLEY,24.8413,23,14,33.0,15.3616,394344
SSEBOP,2003-11-01,1-040,1-040,TEN MILE RIVER VALLEY,TEN MILE RIVER VALLEY,37.5466,41,31,46.0,10.7327,6703
SSEBOP,2003-11-01,7-026,7-026,TERWILLIGER VALLEY,TERWILLIGER VALLEY,23.1769,23,17,28.0,8.6785,36068
SSEBOP,2003-11-01,4-019,4-019,THOUSAND OAKS AREA,THOUSAND OAKS AREA,24.1129,24,16,31.0,12.9123,13972
SSEBOP,2003-11-01,4-015,4-015,TIERRA REJADA,TIERRA REJADA,18.1778,17,6,28.0,14.3564,20679
SSEBOP,2003-11-01,5-037,5-037,TOAD WELL AREA,TOAD WELL AREA,15.0463,17,11,20.0,7.0212,15069
SSEBOP,2003-11-01,3-040,3-040,TORO VALLEY,TORO VALLEY,14.9023,15,8,21.0,9.263,3235
SSEBOP,2003-11-01,6-098,6-098,TULEDAD CANYON VALLEY,TULEDAD CANYON VALLEY,3.9092,3,1,6.0,3.8174,20088
SSEBOP,2003-11-01,7-010,7-010,TWENTYNINE PALMS VALLEY,TWENTYNINE PALMS VALLEY,0.8163,0,0,0.0,4.0692,279940
SSEBOP,2003-11-01,1-052,1-052,UKIAH VALLEY,UKIAH VALLEY,22.2322,23,16,29.0,9.0405,168736
SSEBOP,2003-11-01,6-022,6-022,UPPER KINGSTON VALLEY,UPPER KINGSTON VALLEY,2.1344,1,0,3.0,2.6251,794700
SSEBOP,2003-11-01,5-013,5-013,UPPER LAKE VALLEY,UPPER LAKE VALLEY,19.0086,19,13,24.0,9.2453,32659
SSEBOP,2003-11-01,6-042,6-042,UPPER MOJAVE RIVER VALLEY,UPPER MOJAVE RIVER VALLEY,7.9679,6,2,11.0,8.4046,1850653
SSEBOP,2003-11-01,4-001,4-001,UPPER OJAI VALLEY,UPPER OJAI VALLEY,33.937,33,27,41.0,10.6142,17117
SSEBOP,2003-11-01,3-023,3-023,UPPER SANTA ANA VALLEY,UPPER SANTA ANA VALLEY,8.7389,8,4,12.0,6.1153,6439
SSEBOP,2003-11-01,8-002.05,8-002,UPPER SANTA ANA VALLEY,UPPER SANTA ANA VALLEY - CAJON,14.5987,14,7,21.0,9.4981,104061
SSEBOP,2003-11-01,8-002.01,8-002,UPPER SANTA ANA VALLEY,UPPER SANTA ANA VALLEY - CHINO,15.2462,14,6,21.0,11.8982,691200
SSEBOP,2003-11-01,8-002.02,8-002,UPPER SANTA ANA VALLEY,UPPER SANTA ANA VALLEY - CUCAMONGA,14.4107,14,8,20.0,9.1503,40576
SSEBOP,2003-11-01,8-002.04,8-002,UPPER SANTA ANA VALLEY,UPPER SANTA ANA VALLEY - RIALTO-COLTON,15.415,15,9,21.0,8.9253,111397
SSEBOP,2003-11-01,8-002.03,8-002,UPPER SANTA ANA VALLEY,UPPER SANTA ANA VALLEY - RIVERSIDE-ARLINGTON,20.5109,19,11,28.0,12.6246,254383
SSEBOP,2003-11-01,8-002.06,8-002,UPPER SANTA ANA VALLEY,UPPER SANTA ANA VALLEY - SAN BERNARDINO,15.2063,12,5,22.0,12.8362,415824
SSEBOP,2003-11-01,8-002.08,8-002,UPPER SANTA ANA VALLEY,UPPER SANTA ANA VALLEY - SAN TIMOTEO,21.4305,21,13,29.0,11.7727,145175
SSEBOP,2003-11-01,8-002.09,8-002,UPPER SANTA ANA VALLEY,UPPER SANTA ANA VALLEY - TEMESCAL,19.5066,18,11,26.0,12.1262,103262
SSEBOP,2003-11-01,8-002.07,8-002,UPPER SANTA ANA VALLEY,UPPER SANTA ANA VALLEY - YUCAIPA,17.1836,16,9,24.0,11.608,99901
SSEBOP,2003-11-01,7-028,7-028,VALLECITO-CARRIZO VALLEY,VALLECITO-CARRIZO VALLEY,2.2552,0,0,2.0,5.3296,547711
SSEBOP,2003-11-01,5-071,5-071,VALLECITOS CREEK VALLEY,VALLECITOS CREEK VALLEY,2.6656,0,0,2.0,6.4983,67930
SSEBOP,2003-11-01,7-063,7-063,VANDEVENTER FLAT,VANDEVENTER FLAT,24.6377,25,19,30.0,8.3918,30274
SSEBOP,2003-11-01,4-003.02,4-003,VENTURA RIVER VALLEY,VENTURA RIVER VALLEY - LOWER VENTURA RIVER,25.6935,26,16,35.0,12.6399,21489
SSEBOP,2003-11-01,4-003.01,4-003,VENTURA RIVER VALLEY,VENTURA RIVER VALLEY - UPPER VENTURA RIVER,35.1074,35,30,41.0,8.9527,23732
SSEBOP,2003-11-01,7-042,7-042,VIDAL VALLEY,VIDAL VALLEY,0.5243,0,0,0.0,1.7614,618941
SSEBOP,2003-11-01,3-037,3-037,VILLA VALLEY,VILLA VALLEY,19.2626,19,10,28.0,11.6062,6092
SSEBOP,2003-11-01,2-032,2-032,VISITACION VALLEY,VISITACION VALLEY,12.6054,9,3,20.0,11.9892,22321
SSEBOP,2003-11-01,5-026,5-026,WALKER BASIN CREEK VALLEY,WALKER BASIN CREEK VALLEY,11.3088,10,6,16.0,7.7684,34468
SSEBOP,2003-11-01,7-003,7-003,WARD VALLEY,WARD VALLEY,0.4389,0,0,0.0,2.1221,2506404
SSEBOP,2003-11-01,9-008,9-008,WARNER VALLEY,WARNER VALLEY,15.9482,15,9,21.0,9.7062,107755
SSEBOP,2003-11-01,7-012,7-012,WARREN VALLEY,WARREN VALLEY,8.5616,8,4,12.0,6.0665,78585
SSEBOP,2003-11-01,1-031,1-031,WEOTT TOWN AREA,WEOTT TOWN AREA,37.097,41,33,45.0,11.6172,16357
SSEBOP,2003-11-01,7-022,7-022,WEST SALTON SEA,WEST SALTON SEA,1.4418,0,0,0.0,7.5868,473862
SSEBOP,2003-11-01,3-026,3-026,WEST SANTA CRUZ TERRACE,WEST SANTA CRUZ TERRACE,30.1111,30,16,46.0,15.9267,26003
SSEBOP,2003-11-01,2-035,2-035,WESTSIDE,WESTSIDE,12.5627,9,3,19.0,11.6003,94216
SSEBOP,2003-11-01,6-073,6-073,WILD HORSE MESA AREA,WILD HORSE MESA AREA,2.9386,3,1,4.0,2.4781,14926
SSEBOP,2003-11-01,6-075,6-075,WILDROSE CANYON,WILDROSE CANYON,3.7748,2,1,4.0,5.3927,23181
SSEBOP,2003-11-01,1-043,1-043,WILLIAMS VALLEY,WILLIAMS VALLEY,21.2152,22,12,30.0,10.8313,7401
SSEBOP,2003-11-01,6-003,6-003,WILLOW CREEK VALLEY,WILLOW CREEK VALLEY,10.2874,9,4,15.0,7.1603,52588
SSEBOP,2003-11-01,1-059,1-059,WILSON GROVE FORMATION HIGHLANDS,WILSON GROVE FORMATION HIGHLANDS,20.3663,20,15,25.0,7.5189,286911
SSEBOP,2003-11-01,1-062,1-062,WILSON POINT AREA,WILSON POINT AREA,29.4944,33,26,35.0,8.7065,3198
SSEBOP,2003-11-01,6-019,6-019,WINGATE VALLEY,WINGATE VALLEY,1.034,0,0,1.0,3.0671,320536
SSEBOP,2003-11-01,7-056,7-056,YAQUI WELL AREA,YAQUI WELL AREA,2.7145,1,0,3.0,4.6774,67265
SSEBOP,2003-11-01,5-056,5-056,YELLOW CREEK VALLEY,YELLOW CREEK VALLEY,11.6788,9,2,20.0,10.2361,10385
SSEBOP,2003-11-01,2-006,2-006,YGNACIO VALLEY,YGNACIO VALLEY,16.9114,18,11,23.0,8.5076,65559
SSEBOP,2003-11-01,5-069,5-069,YOSEMITE VALLEY,YOSEMITE VALLEY,23.8662,24,17,30.0,9.0035,33512
SSEBOP,2003-11-01,7-036,7-036,YUMA VALLEY,YUMA VALLEY,6.4172,0,0,4.0,13.7059,536338
